<keymap version="1" name="Sublime Text (macOS) copy" parent="Sublime Text (Mac OS X)">
  <action id="ActivateFavoritesToolWindow" />
  <action id="ActivateFindToolWindow" />
  <action id="ActivateProjectToolWindow">
    <keyboard-shortcut first-keystroke="shift meta 1" />
  </action>
  <action id="ActivateServicesToolWindow" />
  <action id="ActivateStructureToolWindow" />
  <action id="ActivateTODOToolWindow" />
  <action id="ActivateTerminalToolWindow">
    <keyboard-shortcut first-keystroke="alt f12" />
    <keyboard-shortcut first-keystroke="ctrl space" />
  </action>
  <action id="ActivateVersionControlToolWindow">
    <keyboard-shortcut first-keystroke="shift meta 9" />
  </action>
  <action id="Annotate">
    <keyboard-shortcut first-keystroke="meta alt a" />
  </action>
  <action id="ChangesView.AddUnversioned" />
  <action id="CodeCompletion" />
  <action id="Console.TableResult.PreviousPage" />
  <action id="Diagram.DeselectAll" />
  <action id="DuplicatesForm.SendToLeft" />
  <action id="DuplicatesForm.SendToRight" />
  <action id="EditorMoveToPageBottomWithSelection">
    <keyboard-shortcut first-keystroke="shift meta page_down" />
    <keyboard-shortcut first-keystroke="shift meta down" />
  </action>
  <action id="FileChooser.GotoHome" />
  <action id="FileChooser.GotoModule" />
  <action id="FileChooser.GotoProject" />
  <action id="GoToLastTab">
    <keyboard-shortcut first-keystroke="meta 0" />
  </action>
  <action id="GoToTab1">
    <keyboard-shortcut first-keystroke="meta 1" />
  </action>
  <action id="GoToTab2">
    <keyboard-shortcut first-keystroke="meta 2" />
  </action>
  <action id="GoToTab3">
    <keyboard-shortcut first-keystroke="meta 3" />
  </action>
  <action id="GoToTab4">
    <keyboard-shortcut first-keystroke="meta 4" />
  </action>
  <action id="GoToTab5">
    <keyboard-shortcut first-keystroke="meta 5" />
  </action>
  <action id="GoToTab6">
    <keyboard-shortcut first-keystroke="meta 6" />
  </action>
  <action id="GoToTab7">
    <keyboard-shortcut first-keystroke="meta 7" />
  </action>
  <action id="GoToTab8">
    <keyboard-shortcut first-keystroke="meta 8" />
  </action>
  <action id="GoToTab9">
    <keyboard-shortcut first-keystroke="meta 9" />
  </action>
  <action id="GotoFile">
    <keyboard-shortcut first-keystroke="meta p" />
    <keyboard-shortcut first-keystroke="meta t" />
    <keyboard-shortcut first-keystroke="shift meta o" />
  </action>
  <action id="GotoSymbol" />
  <action id="GotoTest">
    <keyboard-shortcut first-keystroke="shift meta s" />
  </action>
  <action id="MoveStatementDown" />
  <action id="NextSplitter">
    <keyboard-shortcut first-keystroke="alt tab" />
    <keyboard-shortcut first-keystroke="meta k" second-keystroke="meta right" />
  </action>
  <action id="PrevSplitter">
    <keyboard-shortcut first-keystroke="shift alt tab" />
    <keyboard-shortcut first-keystroke="meta k" second-keystroke="meta left" />
  </action>
  <action id="PublishGroup.UploadTo" />
  <action id="QuickImplementations">
    <keyboard-shortcut first-keystroke="alt space" />
    <keyboard-shortcut first-keystroke="meta b" />
  </action>
  <action id="ReplaceInPath">
    <keyboard-shortcut first-keystroke="shift meta r" />
  </action>
  <action id="SelectInProjectView">
    <keyboard-shortcut first-keystroke="shift meta semicolon" />
    <keyboard-shortcut first-keystroke="shift meta i" />
  </action>
  <action id="SplitHorizontally">
    <keyboard-shortcut first-keystroke="meta alt up" />
  </action>
  <action id="SplitVertically">
    <keyboard-shortcut first-keystroke="ctrl meta right" />
  </action>
  <action id="Terminal.MoveToEditor">
    <keyboard-shortcut first-keystroke="shift meta 2" />
  </action>
  <action id="Terminal.SwitchFocusToEditor">
    <keyboard-shortcut first-keystroke="escape" />
    <keyboard-shortcut first-keystroke="shift meta enter" />
  </action>
  <action id="UnsplitAll">
    <keyboard-shortcut first-keystroke="ctrl meta left" />
  </action>
  <action id="Vcs.Log.ShowDiffPreview">
    <keyboard-shortcut first-keystroke="shift meta x" />
  </action>
  <action id="Vcs.Log.ShowDiffPreviewInEditor">
    <keyboard-shortcut first-keystroke="shift meta alt x" />
  </action>
  <action id="Vcs.ShowTabbedFileHistory">
    <keyboard-shortcut first-keystroke="meta alt h" />
  </action>
</keymap>